model,accuracy,precision_macro,recall_macro,f1_macro
KNeighborsClassifier,0.4482758620689655,0.3867085295656724,0.3263141620284477,0.30725623582766437
LogisticRegression,0.5862068965517241,0.29081632653061223,0.28497217068645636,0.2656352863726136
MultinomialNB,0.4827586206896552,0.2984126984126984,0.21929499072356215,0.1949095680438964
