model,accuracy,precision_macro,recall_macro,f1_macro
LogisticRegression,0.6896551724137931,0.5907148824442058,0.6170686456400742,0.5761072261072261
MultinomialNB,0.5517241379310345,0.30963154492566264,0.2679035250463822,0.24252725944952278
KNeighborsClassifier,0.4827586206896552,0.3963585434173669,0.36283240568954855,0.36003090162682694
RandomForest,0.8275862068965517,0.7244607244607245,0.6938775510204083,0.689277615808228
GradientBoosting,0.9137931034482759,0.7648772552499261,0.769047619047619,0.7644878110395351
